frame,prob_0,prob_1,prob_2,prob_3,prob_4,prob_5,prob_6,prob_7,prob_8,prob_9,prob_10,prob_11,prob_12,prob_13,prob_14
0,0.967705,0.000109,0.151884,0.000061,0.000168,0.000011,0.000014,0.000038,0.000184,0.002570,0.082442,0.000216,0.000006,0.002527,0.997110
1,0.977261,0.000079,0.139704,0.000113,0.000104,0.000014,0.000014,0.000092,0.000269,0.003637,0.077418,0.000292,0.000011,0.003573,0.994513
2,0.941387,0.000124,0.246225,0.000107,0.000135,0.000017,0.000025,0.000062,0.000202,0.005484,0.193099,0.000270,0.000012,0.004335,0.986080
3,0.942539,0.000452,0.116902,0.000378,0.000109,0.000014,0.000013,0.000043,0.000199,0.004456,0.143084,0.000227,0.000011,0.005694,0.991332
4,0.976361,0.000163,0.108343,0.000011,0.000043,0.000005,0.000007,0.000003,0.000085,0.000395,0.015857,0.000073,0.000003,0.001543,0.999256
5,0.985179,0.000245,0.096925,0.000021,0.000050,0.000007,0.000005,0.000011,0.000105,0.001190,0.020940,0.000094,0.000006,0.003649,0.998617
6,0.990958,0.000102,0.033552,0.000006,0.000104,0.000005,0.000007,0.000009,0.000125,0.001144,0.015541,0.000092,0.000005,0.002187,0.998994
7,0.982697,0.000273,0.057269,0.000016,0.000169,0.000009,0.000007,0.000013,0.000160,0.001075,0.010553,0.000121,0.000006,0.003525,0.999272
8,0.982734,0.000227,0.067220,0.000014,0.000153,0.000008,0.000007,0.000013,0.000144,0.001107,0.012400,0.000114,0.000005,0.003481,0.999171
9,0.015396,0.000024,0.974172,0.012692,0.000975,0.000110,0.000055,0.004459,0.000414,0.002811,0.016214,0.000618,0.000133,0.002187,0.984168
10,0.999996,0.000000,0.000005,0.000000,0.000001,0.000019,0.000063,0.000478,0.008481,0.002158,0.056252,0.000119,0.000058,0.000249,0.000064
11,0.999990,0.000000,0.000008,0.000001,0.000095,0.000045,0.000370,0.002044,0.008321,0.095337,0.103838,0.000481,0.000835,0.000393,0.000107
12,0.999238,0.000058,0.001591,0.000002,0.000014,0.000018,0.000020,0.008625,0.001032,0.000987,0.781261,0.000127,0.000046,0.001082,0.000419
13,0.999718,0.000011,0.000339,0.000000,0.000028,0.000017,0.000009,0.004095,0.000864,0.001171,0.083477,0.000085,0.000048,0.005777,0.000124
14,0.998499,0.000037,0.005894,0.000002,0.000012,0.000020,0.000014,0.009242,0.000737,0.001321,0.879706,0.000174,0.000025,0.001681,0.000628
15,0.999008,0.000034,0.001860,0.000006,0.000024,0.000024,0.000004,0.061980,0.000586,0.000711,0.186095,0.000085,0.000026,0.001655,0.000406
16,0.999598,0.000007,0.000865,0.000001,0.000006,0.000009,0.000010,0.000455,0.000711,0.000975,0.949963,0.000148,0.000010,0.000954,0.000388
17,0.999944,0.000002,0.000402,0.000000,0.000002,0.000004,0.000010,0.000253,0.000889,0.001324,0.973606,0.000179,0.000016,0.000794,0.000869
18,0.999713,0.000018,0.000651,0.000004,0.000046,0.000029,0.000022,0.050227,0.001961,0.006551,0.520539,0.000298,0.000048,0.002425,0.001237
19,0.999956,0.000002,0.000410,0.000000,0.000005,0.000009,0.000019,0.001006,0.003319,0.004519,0.913404,0.000324,0.000054,0.001748,0.000755
20,0.999806,0.000014,0.001361,0.000000,0.000007,0.000008,0.000008,0.066334,0.003525,0.003554,0.720809,0.000171,0.000035,0.003137,0.000919
21,0.999782,0.000024,0.000171,0.000001,0.000036,0.000011,0.000006,0.000331,0.000640,0.003053,0.942832,0.000204,0.000020,0.001923,0.001100
22,0.999891,0.000017,0.000271,0.000002,0.000013,0.000015,0.000004,0.004193,0.001011,0.002855,0.861702,0.000197,0.000031,0.003098,0.001529
23,0.999910,0.000005,0.000362,0.000001,0.000017,0.000014,0.000013,0.000798,0.001330,0.005581,0.911109,0.000350,0.000040,0.002556,0.001085
24,0.999436,0.000015,0.001132,0.000004,0.000010,0.000010,0.000011,0.000144,0.000391,0.000841,0.983218,0.000224,0.000014,0.001101,0.001184
25,0.999950,0.000004,0.000504,0.000000,0.000014,0.000014,0.000018,0.061295,0.003223,0.011466,0.512961,0.000265,0.000077,0.001846,0.001195
26,0.999354,0.000010,0.002185,0.000002,0.000025,0.000022,0.000025,0.000956,0.001277,0.010624,0.870343,0.000380,0.000035,0.002602,0.002457
27,0.999918,0.000002,0.000186,0.000001,0.000009,0.000011,0.000015,0.000412,0.000813,0.001968,0.892627,0.000226,0.000022,0.001061,0.000823
28,0.999660,0.000005,0.001705,0.000000,0.000033,0.000013,0.000035,0.000478,0.002109,0.002147,0.930854,0.000461,0.000034,0.003345,0.001284
29,0.999937,0.000001,0.000405,0.000000,0.000006,0.000007,0.000029,0.000740,0.002522,0.005553,0.848111,0.000325,0.000040,0.001508,0.002156
30,0.999792,0.000008,0.001025,0.000001,0.000026,0.000018,0.000018,0.046610,0.001500,0.007293,0.446563,0.000222,0.000037,0.002515,0.001852
31,0.999700,0.000003,0.000686,0.000001,0.000018,0.000008,0.000014,0.000130,0.000598,0.013961,0.933318,0.000245,0.000017,0.001820,0.001666
32,0.999713,0.000002,0.003596,0.000002,0.000020,0.000016,0.000058,0.000317,0.001889,0.120982,0.641017,0.000466,0.000054,0.002368,0.001910
33,0.997739,0.000165,0.004627,0.000106,0.000462,0.000238,0.000078,0.040353,0.002249,0.077628,0.588909,0.000869,0.000231,0.002722,0.002852
34,0.998228,0.000037,0.010508,0.000007,0.000026,0.000123,0.000103,0.003729,0.004637,0.023922,0.924742,0.000803,0.000215,0.002050,0.001697
35,0.999546,0.000046,0.000519,0.000032,0.000099,0.000089,0.000056,0.005383,0.003462,0.015959,0.891434,0.000567,0.000209,0.001753,0.000648
36,0.816956,0.001483,0.032714,0.003161,0.001085,0.000320,0.000391,0.030994,0.002189,0.027911,0.854298,0.001438,0.000138,0.000994,0.000779
37,0.999887,0.000001,0.000762,0.000005,0.000026,0.000070,0.084281,0.000943,0.030945,0.250423,0.011946,0.001172,0.000825,0.000399,0.000201
38,0.998827,0.000007,0.001819,0.000409,0.000260,0.000171,0.003684,0.004017,0.020695,0.288748,0.149583,0.001325,0.000328,0.000916,0.000399
39,0.998501,0.000040,0.001597,0.000229,0.000636,0.000160,0.000392,0.008990,0.006087,0.639758,0.093528,0.000651,0.000195,0.002392,0.002087
40,0.998972,0.000001,0.005665,0.000019,0.000065,0.000087,0.002002,0.001332,0.015725,0.479519,0.057888,0.000654,0.000143,0.000747,0.000244
41,0.999684,0.000003,0.001226,0.000031,0.000110,0.000082,0.001053,0.002193,0.010752,0.515612,0.078632,0.000648,0.000135,0.000992,0.000478
42,0.991433,0.000007,0.008916,0.000151,0.000517,0.000111,0.000377,0.001887,0.005702,0.761602,0.103961,0.000547,0.000100,0.001437,0.001042
43,0.999607,0.000002,0.002974,0.000013,0.000060,0.000060,0.001336,0.001252,0.008405,0.633008,0.084895,0.000597,0.000086,0.000670,0.000418
44,0.999057,0.000054,0.004028,0.000038,0.000200,0.000164,0.000263,0.036994,0.006967,0.627288,0.091613,0.000732,0.000144,0.001893,0.002978
45,0.995068,0.000021,0.012732,0.000104,0.000370,0.000127,0.000470,0.003558,0.004549,0.566220,0.276618,0.000778,0.000091,0.001424,0.002828
46,0.999820,0.000019,0.000952,0.000001,0.000036,0.000068,0.000081,0.492703,0.010690,0.019642,0.251371,0.000498,0.000064,0.000876,0.000931
47,0.998764,0.000031,0.005132,0.000029,0.000137,0.000169,0.000241,0.009074,0.005651,0.507123,0.105479,0.000669,0.000127,0.001764,0.002288
48,0.997191,0.000012,0.007365,0.000050,0.000066,0.000142,0.001569,0.000703,0.006580,0.028792,0.808321,0.001347,0.000130,0.000764,0.000646
49,0.999978,0.000001,0.000114,0.000000,0.000010,0.000060,0.000171,0.045397,0.053741,0.013917,0.088729,0.000550,0.000086,0.000723,0.000468
50,0.999696,0.000021,0.001471,0.000002,0.000040,0.000202,0.000406,0.091424,0.061605,0.056607,0.254801,0.001191,0.000165,0.001485,0.001351
51,0.999875,0.000005,0.000187,0.000008,0.000109,0.000100,0.000169,0.311430,0.016431,0.008639,0.061979,0.000693,0.000074,0.000622,0.000632
52,0.999163,0.000026,0.003882,0.000002,0.000030,0.000106,0.000154,0.796304,0.045883,0.007210,0.048218,0.000531,0.000069,0.001042,0.000628
53,0.999667,0.000008,0.001293,0.000003,0.000041,0.000078,0.000119,0.723146,0.020882,0.007122,0.042015,0.000510,0.000070,0.001030,0.000507
54,0.652537,0.007930,0.184523,0.011511,0.000410,0.000487,0.000607,0.000326,0.001291,0.003494,0.998659,0.004941,0.000100,0.004459,0.003331
55,0.944109,0.003961,0.033186,0.002325,0.001234,0.001154,0.000327,0.001525,0.002591,0.217153,0.557989,0.001010,0.000477,0.003520,0.000916
56,0.999984,0.000001,0.000024,0.000001,0.000108,0.000017,0.000065,0.638700,0.004517,0.008780,0.043821,0.000189,0.000235,0.000286,0.000180
57,0.999949,0.000004,0.000170,0.000001,0.000037,0.000019,0.000044,0.620263,0.003294,0.002964,0.045909,0.000140,0.000084,0.000339,0.000217
58,0.999974,0.000001,0.000062,0.000000,0.000019,0.000010,0.000011,0.808319,0.001107,0.002057,0.007433,0.000066,0.000030,0.000324,0.000127
59,0.999985,0.000001,0.000076,0.000000,0.000012,0.000008,0.000021,0.876286,0.002367,0.005456,0.020998,0.000087,0.000034,0.000340,0.000229
60,0.999941,0.000002,0.000231,0.000001,0.000025,0.000017,0.000012,0.381171,0.001428,0.003433,0.064360,0.000139,0.000029,0.000407,0.000434
61,0.999989,0.000000,0.000076,0.000000,0.000016,0.000010,0.000017,0.294264,0.003384,0.011768,0.064251,0.000185,0.000035,0.000662,0.000284
62,0.994394,0.000020,0.021780,0.000015,0.000007,0.000015,0.000010,0.010959,0.000432,0.000535,0.956982,0.000195,0.000009,0.000661,0.000731
63,0.996688,0.000070,0.004259,0.000033,0.000008,0.000008,0.000007,0.014486,0.000248,0.000317,0.978132,0.000110,0.000005,0.000524,0.000718
64,0.969090,0.000145,0.049142,0.000446,0.000172,0.000299,0.000362,0.000550,0.004016,0.003570,0.970549,0.005569,0.000138,0.003923,0.003601
65,0.697478,0.000062,0.027333,0.002394,0.029654,0.000290,0.001928,0.000284,0.000634,0.008165,0.847166,0.001452,0.000100,0.000696,0.000730
66,0.890730,0.000016,0.002273,0.043508,0.013149,0.000119,0.000771,0.000609,0.000881,0.024147,0.769886,0.000755,0.000065,0.000353,0.000369
67,0.999739,0.000001,0.000149,0.000097,0.000228,0.000061,0.000173,0.000680,0.003974,0.003890,0.417271,0.000616,0.000746,0.000358,0.000451
68,0.998262,0.000004,0.001033,0.001031,0.000798,0.000101,0.001497,0.000303,0.005652,0.077580,0.468499,0.001093,0.000559,0.000605,0.000720
69,0.999974,0.000001,0.000010,0.000003,0.000183,0.000021,0.000107,0.000394,0.004012,0.003492,0.358053,0.000256,0.000929,0.000118,0.000201
70,0.999982,0.000000,0.000084,0.000000,0.000001,0.000009,0.000045,0.000101,0.006149,0.002442,0.521453,0.000189,0.000061,0.000126,0.000116
71,0.999898,0.000012,0.000002,0.000002,0.000108,0.000014,0.000004,0.001848,0.000634,0.001021,0.003566,0.000050,0.000104,0.000118,0.000038
72,0.998020,0.000304,0.000004,0.000008,0.000149,0.000013,0.000001,0.001187,0.000136,0.000430,0.000576,0.000024,0.000033,0.000355,0.000054
73,0.999975,0.000001,0.000018,0.000000,0.000002,0.000006,0.000001,0.001086,0.000605,0.000174,0.001886,0.000034,0.000005,0.000098,0.000093
74,0.999962,0.000001,0.000023,0.000000,0.000001,0.000004,0.000000,0.001260,0.000277,0.000072,0.000634,0.000021,0.000002,0.000070,0.000080
75,0.999675,0.000017,0.000035,0.000001,0.000009,0.000010,0.000001,0.001557,0.000276,0.000167,0.000380,0.000028,0.000004,0.000282,0.000129
76,0.999722,0.000015,0.000026,0.000001,0.000009,0.000009,0.000001,0.001457,0.000266,0.000169,0.000344,0.000027,0.000004,0.000288,0.000133
77,0.999294,0.000016,0.000501,0.000002,0.000012,0.000027,0.000005,0.001752,0.000460,0.000314,0.000846,0.000091,0.000006,0.000533,0.000474
78,0.977797,0.001652,0.021678,0.000544,0.000069,0.000156,0.000184,0.000345,0.002292,0.001243,0.957370,0.002265,0.000029,0.006374,0.007958
79,0.960940,0.000148,0.004070,0.003054,0.006383,0.000529,0.002815,0.012900,0.018235,0.030387,0.350118,0.003970,0.000554,0.007553,0.003762
80,0.937961,0.003397,0.002445,0.000254,0.003978,0.001382,0.000142,0.011922,0.004228,0.012852,0.154367,0.000872,0.001171,0.002081,0.001353
81,0.528561,0.000218,0.272280,0.006006,0.007858,0.000662,0.000657,0.006920,0.009594,0.146553,0.316621,0.003570,0.001558,0.027037,0.017950
82,0.976485,0.000896,0.006522,0.000747,0.000560,0.000173,0.000224,0.003153,0.004371,0.007635,0.923146,0.001558,0.000273,0.002617,0.005117
83,0.001475,0.000100,0.000153,0.954346,0.103119,0.001162,0.000431,0.000792,0.001546,0.010155,0.419563,0.001278,0.000637,0.000248,0.000288
84,0.001479,0.000025,0.000120,0.994432,0.024974,0.000350,0.000185,0.001322,0.001267,0.000981,0.546200,0.001116,0.000772,0.000299,0.000188
85,0.000020,0.000002,0.000467,0.998107,0.012177,0.000140,0.000147,0.002895,0.001030,0.073769,0.270736,0.000317,0.000396,0.000105,0.000079
86,0.000002,0.000003,0.000184,0.999452,0.000469,0.000036,0.000052,0.002609,0.000749,0.099104,0.129412,0.000121,0.000067,0.000054,0.000024
87,0.000003,0.000002,0.000034,0.999824,0.000666,0.000047,0.000074,0.002628,0.001080,0.095590,0.147900,0.000156,0.000049,0.000045,0.000016
88,0.000004,0.000002,0.000033,0.999840,0.000654,0.000047,0.000078,0.002640,0.001109,0.087952,0.159281,0.000163,0.000053,0.000048,0.000015
89,0.000004,0.000002,0.000032,0.999833,0.000693,0.000050,0.000076,0.002732,0.001133,0.092808,0.163954,0.000168,0.000053,0.000048,0.000016
90,0.000000,0.000007,0.000005,0.997111,0.005032,0.000129,0.000001,0.008794,0.000175,0.000107,0.001704,0.000071,0.000016,0.000066,0.000009
91,0.000002,0.000011,0.000002,0.999304,0.000384,0.000014,0.000001,0.000806,0.000130,0.000066,0.186608,0.000036,0.000054,0.000023,0.000012
92,0.000002,0.000000,0.000011,0.999995,0.000005,0.000001,0.000063,0.000030,0.000787,0.001104,0.003278,0.000046,0.000005,0.000015,0.000165
93,0.000004,0.000005,0.000017,0.963595,0.083711,0.000051,0.000049,0.000232,0.000307,0.000062,0.125225,0.000159,0.000059,0.000021,0.000017
94,0.000000,0.000002,0.000069,0.989569,0.012817,0.000113,0.000101,0.000093,0.000477,0.000594,0.000768,0.000110,0.003827,0.000036,0.000013
95,0.000339,0.000001,0.000009,0.037491,0.965157,0.001490,0.000002,0.000392,0.000095,0.000382,0.004145,0.000784,0.000108,0.000200,0.000107
96,0.000452,0.000022,0.000511,0.009286,0.986954,0.004072,0.000118,0.000387,0.000814,0.000142,0.010920,0.018700,0.000362,0.002300,0.000171
97,0.000992,0.000540,0.003535,0.001130,0.944121,0.522264,0.000090,0.001283,0.001436,0.000451,0.006259,0.384213,0.001065,0.004251,0.000407
98,0.000219,0.000052,0.000516,0.001077,0.996849,0.049018,0.000028,0.001247,0.000354,0.002471,0.003636,0.008661,0.000409,0.000750,0.000137
99,0.000000,0.000256,0.000067,0.000193,0.992869,0.023705,0.000001,0.002481,0.000027,0.000047,0.000071,0.000422,0.000230,0.000171,0.000027
100,0.000000,0.000228,0.000038,0.000250,0.997821,0.009435,0.000001,0.000996,0.000028,0.000113,0.000142,0.000211,0.000326,0.000412,0.000037
101,0.000000,0.000089,0.000071,0.003761,0.991641,0.016523,0.000010,0.001866,0.000135,0.000215,0.000361,0.000557,0.001454,0.000142,0.000035
102,0.000002,0.000026,0.000060,0.033784,0.981124,0.001061,0.000027,0.002050,0.000113,0.000047,0.000773,0.000187,0.001354,0.000075,0.000021
103,0.000004,0.000008,0.000024,0.004793,0.996707,0.002063,0.000012,0.001306,0.000092,0.000181,0.000732,0.000207,0.000579,0.000065,0.000024
104,0.000057,0.001058,0.000067,0.012230,0.976602,0.011711,0.000027,0.000347,0.000153,0.000406,0.000641,0.000468,0.020724,0.000324,0.000110
105,0.000185,0.001682,0.000758,0.296295,0.669315,0.007233,0.000105,0.000274,0.000503,0.000295,0.001820,0.000736,0.525854,0.000442,0.000148
106,0.000319,0.000191,0.017543,0.011827,0.624608,0.673398,0.000096,0.002263,0.001438,0.010827,0.030614,0.129029,0.002324,0.003619,0.000315
107,0.000016,0.000132,0.000202,0.009393,0.991348,0.029871,0.000032,0.000526,0.000200,0.000713,0.005676,0.002283,0.002622,0.000273,0.000093
108,0.000005,0.000081,0.000160,0.066116,0.969137,0.026277,0.000033,0.001459,0.000380,0.001347,0.004889,0.001967,0.004328,0.000294,0.000099
109,0.000004,0.000030,0.000076,0.025941,0.985973,0.029770,0.000016,0.000996,0.000234,0.004739,0.003421,0.001541,0.001319,0.000208,0.000055
110,0.000029,0.000057,0.000187,0.005546,0.995219,0.031089,0.000015,0.000818,0.000228,0.001299,0.004575,0.003742,0.000953,0.000788,0.000117
111,0.000041,0.000361,0.000329,0.061210,0.967797,0.017141,0.000059,0.000375,0.000445,0.001605,0.006660,0.002892,0.007617,0.001240,0.000275
112,0.000008,0.000019,0.000100,0.327580,0.825188,0.007664,0.000028,0.000504,0.000281,0.001366,0.001852,0.000955,0.004058,0.000319,0.000091
113,0.000035,0.000132,0.000242,0.328677,0.804255,0.008090,0.000056,0.000327,0.000482,0.000915,0.002083,0.001716,0.009389,0.000821,0.000188
114,0.000020,0.000121,0.000195,0.087901,0.959456,0.005924,0.000051,0.000326,0.000322,0.000766,0.002068,0.001179,0.004058,0.000709,0.000130
115,0.000128,0.000223,0.000217,0.039158,0.963913,0.020189,0.000064,0.000834,0.000341,0.002183,0.009174,0.002256,0.005627,0.000607,0.000211
116,0.000001,0.000140,0.000024,0.001509,0.997085,0.006095,0.000007,0.001410,0.000097,0.000373,0.000555,0.000340,0.000649,0.000341,0.000039
117,0.000008,0.000112,0.000063,0.004964,0.996118,0.013626,0.000015,0.000869,0.000119,0.000474,0.001459,0.000721,0.001870,0.000204,0.000046
118,0.000009,0.000419,0.000080,0.000573,0.998652,0.015911,0.000027,0.000651,0.000103,0.000354,0.000317,0.000521,0.001426,0.000554,0.000079
119,0.000011,0.000826,0.000068,0.000580,0.997772,0.005640,0.000010,0.000608,0.000067,0.000093,0.000332,0.000422,0.000663,0.002539,0.000109
120,0.000000,0.000019,0.000001,0.000172,0.999790,0.000831,0.000001,0.000361,0.000014,0.000053,0.000376,0.000064,0.000021,0.000149,0.000011
121,0.000000,0.000473,0.000138,0.000157,0.994705,0.018995,0.000001,0.002578,0.000040,0.000056,0.000114,0.000735,0.000406,0.000196,0.000061
122,0.000000,0.000405,0.000086,0.000114,0.994963,0.006694,0.000001,0.002709,0.000022,0.000025,0.000044,0.000256,0.000206,0.000141,0.000030
123,0.000000,0.000274,0.000122,0.000154,0.994418,0.014853,0.000001,0.002380,0.000030,0.000039,0.000079,0.000511,0.000303,0.000143,0.000035
124,0.000000,0.000407,0.000080,0.000133,0.995112,0.007989,0.000001,0.002532,0.000024,0.000030,0.000051,0.000300,0.000233,0.000134,0.000032
125,0.000000,0.000425,0.000101,0.000126,0.994995,0.008469,0.000001,0.002666,0.000026,0.000029,0.000058,0.000352,0.000250,0.000163,0.000037
126,0.000000,0.000238,0.000159,0.000140,0.994546,0.012686,0.000001,0.002631,0.000030,0.000039,0.000100,0.000539,0.000273,0.000153,0.000039
127,0.000000,0.000253,0.000094,0.000129,0.994713,0.010314,0.000001,0.002299,0.000023,0.000029,0.000053,0.000328,0.000209,0.000128,0.000029
128,0.000000,0.000316,0.000093,0.000111,0.995633,0.006991,0.000001,0.002618,0.000022,0.000027,0.000051,0.000288,0.000205,0.000134,0.000033
129,0.000000,0.000237,0.000137,0.000120,0.994915,0.011504,0.000001,0.002303,0.000027,0.000036,0.000076,0.000463,0.000256,0.000143,0.000034
130,0.000000,0.000284,0.000102,0.000126,0.994911,0.009590,0.000001,0.002334,0.000025,0.000030,0.000057,0.000351,0.000232,0.000129,0.000031
131,0.000000,0.000329,0.000097,0.000140,0.994643,0.009595,0.000001,0.002422,0.000026,0.000031,0.000062,0.000380,0.000244,0.000135,0.000033
132,0.000000,0.000258,0.000145,0.000119,0.994574,0.011397,0.000001,0.002583,0.000027,0.000033,0.000086,0.000482,0.000240,0.000147,0.000038
133,0.000000,0.000277,0.000115,0.000110,0.995112,0.007958,0.000001,0.002471,0.000023,0.000028,0.000056,0.000332,0.000213,0.000132,0.000032
134,0.000000,0.000309,0.000108,0.000143,0.994542,0.010825,0.000001,0.002489,0.000026,0.000034,0.000071,0.000391,0.000245,0.000146,0.000033
135,0.000000,0.000243,0.000127,0.000115,0.995000,0.010660,0.000001,0.002513,0.000025,0.000031,0.000077,0.000440,0.000229,0.000135,0.000035
136,0.000000,0.000272,0.000119,0.000111,0.995138,0.008866,0.000001,0.002461,0.000024,0.000030,0.000060,0.000360,0.000219,0.000138,0.000033
137,0.000000,0.000289,0.000135,0.000121,0.994423,0.009347,0.000001,0.002503,0.000025,0.000032,0.000065,0.000384,0.000239,0.000133,0.000033
138,0.000000,0.000315,0.000107,0.000145,0.994657,0.009933,0.000001,0.002564,0.000026,0.000031,0.000064,0.000379,0.000246,0.000145,0.000034
139,0.000000,0.000393,0.000092,0.000141,0.994951,0.009945,0.000001,0.002287,0.000028,0.000033,0.000059,0.000389,0.000273,0.000143,0.000035
140,0.000000,0.000333,0.000074,0.000164,0.994333,0.010869,0.000001,0.002333,0.000024,0.000030,0.000046,0.000310,0.000229,0.000127,0.000029
141,0.000000,0.000319,0.000097,0.000168,0.994260,0.012980,0.000001,0.002558,0.000028,0.000037,0.000065,0.000422,0.000275,0.000135,0.000033
142,0.000000,0.000318,0.000090,0.000125,0.995479,0.010181,0.000001,0.002216,0.000026,0.000036,0.000062,0.000361,0.000259,0.000133,0.000033
143,0.000000,0.000404,0.000083,0.000141,0.995061,0.009942,0.000001,0.002187,0.000026,0.000032,0.000058,0.000367,0.000262,0.000146,0.000034
144,0.000000,0.000311,0.000103,0.000149,0.995037,0.011724,0.000001,0.002515,0.000029,0.000034,0.000074,0.000445,0.000278,0.000142,0.000037
145,0.000000,0.000408,0.000088,0.000148,0.994835,0.009464,0.000001,0.002412,0.000028,0.000033,0.000058,0.000361,0.000275,0.000144,0.000033
146,0.000000,0.000435,0.000081,0.000177,0.994394,0.012569,0.000001,0.002237,0.000031,0.000036,0.000058,0.000424,0.000310,0.000149,0.000034
147,0.000000,0.000292,0.000100,0.000146,0.994429,0.010296,0.000001,0.002768,0.000024,0.000029,0.000056,0.000348,0.000222,0.000144,0.000032
148,0.000000,0.000465,0.000089,0.000150,0.994914,0.008483,0.000001,0.002699,0.000028,0.000029,0.000055,0.000341,0.000271,0.000145,0.000037
149,0.000000,0.000406,0.000087,0.000149,0.994549,0.009563,0.000001,0.002428,0.000026,0.000031,0.000051,0.000332,0.000254,0.000136,0.000033
150,0.000000,0.000311,0.000113,0.000128,0.994763,0.010105,0.000001,0.002585,0.000026,0.000032,0.000071,0.000409,0.000244,0.000139,0.000036
151,0.000000,0.000436,0.000083,0.000175,0.994374,0.013252,0.000001,0.002125,0.000033,0.000043,0.000065,0.000453,0.000335,0.000147,0.000036
152,0.000000,0.000424,0.000095,0.000127,0.994828,0.009845,0.000001,0.002412,0.000026,0.000032,0.000055,0.000360,0.000252,0.000161,0.000035
153,0.000000,0.000283,0.000088,0.000160,0.994804,0.012836,0.000001,0.002465,0.000027,0.000036,0.000070,0.000410,0.000252,0.000127,0.000034
154,0.000000,0.000347,0.000067,0.000105,0.996096,0.008253,0.000001,0.002077,0.000022,0.000029,0.000051,0.000294,0.000207,0.000129,0.000031
155,0.000000,0.000376,0.000089,0.000147,0.994999,0.011998,0.000001,0.002215,0.000030,0.000043,0.000067,0.000433,0.000295,0.000151,0.000034
156,0.000000,0.000326,0.000114,0.000168,0.994113,0.013474,0.000001,0.002793,0.000030,0.000039,0.000075,0.000479,0.000289,0.000147,0.000038
157,0.000000,0.000385,0.000091,0.000132,0.995164,0.009010,0.000001,0.002379,0.000026,0.000030,0.000058,0.000347,0.000249,0.000146,0.000033
158,0.000000,0.000372,0.000104,0.000142,0.994773,0.009202,0.000001,0.002451,0.000028,0.000032,0.000056,0.000369,0.000265,0.000146,0.000034
159,0.000000,0.000305,0.000098,0.000150,0.994244,0.012001,0.000001,0.002592,0.000026,0.000034,0.000067,0.000402,0.000255,0.000130,0.000033
160,0.000000,0.000420,0.000105,0.000164,0.994417,0.011606,0.000001,0.002426,0.000030,0.000036,0.000066,0.000447,0.000300,0.000175,0.000040
161,0.000000,0.000377,0.000093,0.000186,0.994626,0.012254,0.000001,0.002301,0.000031,0.000037,0.000066,0.000432,0.000316,0.000151,0.000034
162,0.000000,0.000352,0.000121,0.000140,0.994487,0.010630,0.000001,0.002604,0.000028,0.000032,0.000071,0.000441,0.000273,0.000154,0.000038
163,0.000000,0.000413,0.000085,0.000178,0.994825,0.011252,0.000001,0.002331,0.000030,0.000036,0.000063,0.000400,0.000287,0.000160,0.000036
164,0.000000,0.000379,0.000090,0.000122,0.995081,0.008942,0.000001,0.002245,0.000025,0.000030,0.000053,0.000337,0.000242,0.000141,0.000032
165,0.000000,0.000344,0.000096,0.000167,0.994494,0.011794,0.000001,0.002716,0.000029,0.000033,0.000070,0.000427,0.000274,0.000142,0.000036
166,0.000000,0.000423,0.000078,0.000167,0.994282,0.009763,0.000001,0.002590,0.000026,0.000029,0.000049,0.000323,0.000249,0.000135,0.000032
167,0.000000,0.000352,0.000087,0.000140,0.995169,0.010040,0.000001,0.002384,0.000028,0.000036,0.000063,0.000369,0.000257,0.000137,0.000033
168,0.000000,0.000299,0.000123,0.000119,0.995006,0.010820,0.000001,0.002593,0.000026,0.000035,0.000074,0.000436,0.000243,0.000150,0.000041
169,0.000000,0.000444,0.000081,0.000143,0.995436,0.008518,0.000001,0.002372,0.000027,0.000029,0.000053,0.000342,0.000265,0.000157,0.000034
170,0.000000,0.000404,0.000099,0.000166,0.994702,0.009921,0.000001,0.002387,0.000029,0.000035,0.000061,0.000383,0.000302,0.000152,0.000036
171,0.000000,0.000345,0.000118,0.000145,0.994393,0.011739,0.000001,0.002631,0.000029,0.000035,0.000071,0.000458,0.000278,0.000153,0.000038
172,0.000000,0.000379,0.000098,0.000149,0.995112,0.010705,0.000001,0.002228,0.000029,0.000034,0.000063,0.000419,0.000289,0.000156,0.000036
173,0.000000,0.000403,0.000095,0.000175,0.994655,0.011273,0.000001,0.002364,0.000032,0.000035,0.000055,0.000405,0.000313,0.000153,0.000034
174,0.000000,0.000225,0.000152,0.000135,0.994559,0.011532,0.000001,0.002629,0.000028,0.000035,0.000082,0.000484,0.000256,0.000137,0.000036
175,0.000000,0.000314,0.000117,0.000145,0.994287,0.012453,0.000001,0.002285,0.000027,0.000034,0.000062,0.000429,0.000274,0.000149,0.000035
176,0.000000,0.000335,0.000116,0.000141,0.994745,0.011069,0.000001,0.002405,0.000028,0.000034,0.000071,0.000449,0.000268,0.000158,0.000038
177,0.000000,0.000259,0.000138,0.000133,0.994810,0.011659,0.000001,0.002515,0.000029,0.000036,0.000088,0.000498,0.000262,0.000141,0.000037
178,0.000000,0.000311,0.000105,0.000110,0.995099,0.009317,0.000001,0.002333,0.000024,0.000032,0.000058,0.000367,0.000229,0.000138,0.000032
179,0.000000,0.000291,0.000120,0.000134,0.994755,0.010451,0.000001,0.002510,0.000027,0.000034,0.000070,0.000425,0.000254,0.000145,0.000034
180,0.000000,0.000228,0.000124,0.000175,0.994288,0.015903,0.000001,0.002534,0.000031,0.000042,0.000099,0.000552,0.000288,0.000138,0.000035
181,0.000000,0.000310,0.000112,0.000161,0.994236,0.012416,0.000001,0.002467,0.000028,0.000036,0.000067,0.000427,0.000275,0.000148,0.000034
182,0.000000,0.000311,0.000116,0.000131,0.995090,0.010169,0.000001,0.002349,0.000028,0.000034,0.000068,0.000428,0.000261,0.000156,0.000037
183,0.000000,0.000229,0.000115,0.000144,0.994633,0.012638,0.000001,0.002393,0.000027,0.000035,0.000078,0.000455,0.000247,0.000130,0.000033
184,0.000000,0.000278,0.000116,0.000119,0.995055,0.009670,0.000001,0.002372,0.000026,0.000032,0.000062,0.000383,0.000235,0.000147,0.000034
185,0.000000,0.000301,0.000119,0.000124,0.994934,0.009584,0.000001,0.002481,0.000026,0.000032,0.000068,0.000402,0.000242,0.000145,0.000036
186,0.000000,0.000237,0.000149,0.000127,0.994699,0.012394,0.000001,0.002581,0.000028,0.000036,0.000090,0.000523,0.000261,0.000150,0.000039
187,0.000000,0.000281,0.000118,0.000152,0.994536,0.011517,0.000001,0.002393,0.000029,0.000035,0.000065,0.000445,0.000268,0.000141,0.000034
188,0.000000,0.000263,0.000077,0.000195,0.993675,0.017961,0.000001,0.002416,0.000028,0.000038,0.000068,0.000429,0.000255,0.000129,0.000030
189,0.000000,0.000249,0.000139,0.000116,0.994998,0.010179,0.000001,0.002583,0.000026,0.000031,0.000076,0.000439,0.000233,0.000144,0.000037
190,0.000000,0.000278,0.000093,0.000136,0.995300,0.012033,0.000001,0.002178,0.000026,0.000036,0.000071,0.000403,0.000252,0.000136,0.000033
191,0.000000,0.000249,0.000095,0.000130,0.995032,0.011085,0.000001,0.002187,0.000027,0.000037,0.000054,0.000385,0.000242,0.000120,0.000031
192,0.000000,0.000208,0.000118,0.000114,0.995256,0.011606,0.000001,0.002296,0.000025,0.000035,0.000081,0.000443,0.000227,0.000128,0.000033
193,0.000000,0.000345,0.000111,0.000152,0.994464,0.011170,0.000001,0.002446,0.000030,0.000037,0.000071,0.000440,0.000281,0.000146,0.000034
194,0.000000,0.000309,0.000119,0.000139,0.995000,0.011333,0.000001,0.002178,0.000029,0.000036,0.000071,0.000453,0.000284,0.000151,0.000037
195,0.000000,0.000243,0.000152,0.000139,0.994451,0.012170,0.000001,0.002675,0.000029,0.000036,0.000093,0.000526,0.000258,0.000146,0.000039
196,0.000000,0.000286,0.000111,0.000113,0.995154,0.008974,0.000001,0.002355,0.000025,0.000030,0.000060,0.000366,0.000226,0.000134,0.000033
197,0.000000,0.000301,0.000110,0.000125,0.995347,0.010296,0.000001,0.002259,0.000028,0.000036,0.000070,0.000427,0.000256,0.000145,0.000035
198,0.000000,0.000244,0.000148,0.000132,0.994740,0.011636,0.000001,0.002668,0.000028,0.000035,0.000090,0.000502,0.000260,0.000144,0.000038
199,0.000000,0.000338,0.000118,0.000151,0.994383,0.012403,0.000001,0.002483,0.000031,0.000041,0.000071,0.000464,0.000310,0.000151,0.000037
200,0.000000,0.000311,0.000104,0.000124,0.994918,0.009937,0.000001,0.002266,0.000026,0.000031,0.000062,0.000393,0.000240,0.000130,0.000032
201,0.000000,0.000255,0.000131,0.000136,0.994573,0.011359,0.000001,0.002841,0.000027,0.000033,0.000084,0.000460,0.000240,0.000149,0.000036
202,0.000000,0.000285,0.000114,0.000139,0.994890,0.011095,0.000001,0.002288,0.000028,0.000037,0.000071,0.000427,0.000265,0.000144,0.000034
203,0.000000,0.000324,0.000100,0.000122,0.995157,0.010164,0.000001,0.002378,0.000027,0.000035,0.000062,0.000399,0.000247,0.000147,0.000034
204,0.000000,0.000263,0.000147,0.000137,0.994507,0.013863,0.000001,0.002426,0.000030,0.000040,0.000101,0.000560,0.000281,0.000160,0.000038
205,0.000000,0.000303,0.000119,0.000129,0.994643,0.010454,0.000001,0.002524,0.000026,0.000033,0.000061,0.000394,0.000248,0.000149,0.000035
206,0.000000,0.000311,0.000117,0.000117,0.995026,0.009175,0.000001,0.002315,0.000026,0.000031,0.000059,0.000383,0.000251,0.000144,0.000034
207,0.000000,0.000292,0.000138,0.000123,0.994743,0.010582,0.000001,0.002670,0.000027,0.000032,0.000084,0.000464,0.000249,0.000151,0.000040
208,0.000000,0.000268,0.000084,0.000183,0.993667,0.014969,0.000001,0.002424,0.000027,0.000037,0.000057,0.000403,0.000242,0.000120,0.000031
209,0.000000,0.000313,0.000111,0.000132,0.994855,0.009374,0.000001,0.002456,0.000026,0.000031,0.000060,0.000384,0.000251,0.000138,0.000035
210,0.000000,0.000206,0.000105,0.000146,0.994926,0.014341,0.000001,0.002194,0.000026,0.000039,0.000085,0.000468,0.000247,0.000128,0.000032
211,0.000000,0.000393,0.000059,0.000219,0.994430,0.012879,0.000001,0.002332,0.000029,0.000036,0.000050,0.000349,0.000284,0.000130,0.000030
212,0.000000,0.000378,0.000104,0.000151,0.994758,0.011906,0.000001,0.002233,0.000031,0.000039,0.000072,0.000466,0.000301,0.000157,0.000038
213,0.000000,0.000337,0.000113,0.000138,0.994718,0.010129,0.000001,0.002752,0.000028,0.000033,0.000068,0.000421,0.000262,0.000145,0.000039
214,0.000000,0.000405,0.000074,0.000163,0.994879,0.010617,0.000001,0.002338,0.000028,0.000032,0.000055,0.000365,0.000272,0.000142,0.000034
215,0.000000,0.000466,0.000082,0.000133,0.994918,0.009040,0.000001,0.002421,0.000027,0.000030,0.000054,0.000348,0.000251,0.000143,0.000034
216,0.000000,0.000283,0.000075,0.000186,0.994429,0.012720,0.000001,0.002577,0.000027,0.000033,0.000061,0.000377,0.000248,0.000131,0.000030
217,0.000000,0.000293,0.000088,0.000202,0.994474,0.014620,0.000001,0.002534,0.000031,0.000042,0.000063,0.000417,0.000290,0.000155,0.000031
218,0.000000,0.000335,0.000102,0.000147,0.994906,0.011013,0.000001,0.002339,0.000028,0.000036,0.000066,0.000404,0.000279,0.000147,0.000036
219,0.000000,0.000356,0.000108,0.000155,0.994539,0.012491,0.000001,0.002535,0.000029,0.000034,0.000075,0.000469,0.000293,0.000156,0.000038
220,0.000000,0.000481,0.000092,0.000179,0.994754,0.012416,0.000001,0.002303,0.000033,0.000041,0.000071,0.000473,0.000342,0.000184,0.000041
221,0.000000,0.000383,0.000087,0.000159,0.994603,0.010718,0.000001,0.002417,0.000028,0.000033,0.000057,0.000391,0.000262,0.000152,0.000034
222,0.000000,0.000290,0.000124,0.000142,0.993858,0.013163,0.000001,0.002589,0.000026,0.000034,0.000060,0.000410,0.000264,0.000140,0.000036
223,0.000000,0.000418,0.000079,0.000161,0.994887,0.012202,0.000001,0.002244,0.000029,0.000036,0.000061,0.000406,0.000288,0.000144,0.000034
224,0.000000,0.000353,0.000093,0.000155,0.994820,0.011166,0.000001,0.002374,0.000029,0.000037,0.000061,0.000407,0.000269,0.000155,0.000035
225,0.000000,0.000289,0.000125,0.000118,0.995061,0.010206,0.000001,0.002613,0.000026,0.000033,0.000073,0.000414,0.000244,0.000148,0.000037
226,0.000000,0.000310,0.000078,0.000146,0.994835,0.010495,0.000001,0.002408,0.000024,0.000031,0.000049,0.000316,0.000232,0.000119,0.000031
227,0.000000,0.000308,0.000058,0.000150,0.995127,0.012601,0.000001,0.002194,0.000024,0.000035,0.000053,0.000344,0.000213,0.000123,0.000027
228,0.000000,0.000305,0.000117,0.000130,0.994889,0.011631,0.000001,0.002521,0.000027,0.000032,0.000075,0.000449,0.000249,0.000157,0.000037
229,0.000000,0.000372,0.000095,0.000126,0.995344,0.008048,0.000001,0.002526,0.000026,0.000031,0.000054,0.000324,0.000239,0.000143,0.000034
230,0.000000,0.000315,0.000077,0.000167,0.995001,0.015239,0.000001,0.001927,0.000031,0.000046,0.000067,0.000448,0.000300,0.000135,0.000030
231,0.000000,0.000291,0.000134,0.000127,0.994763,0.011155,0.000001,0.002471,0.000028,0.000035,0.000080,0.000462,0.000263,0.000158,0.000037
232,0.005603,0.010457,0.002549,0.006891,0.926139,0.017388,0.000080,0.003028,0.000650,0.001263,0.009573,0.003880,0.008724,0.004645,0.001525
233,0.005603,0.010457,0.002549,0.006891,0.926139,0.017388,0.000080,0.003028,0.000650,0.001263,0.009573,0.003880,0.008724,0.004645,0.001525
234,0.005603,0.010457,0.002549,0.006891,0.926139,0.017388,0.000080,0.003028,0.000650,0.001263,0.009573,0.003880,0.008724,0.004645,0.001525
235,0.005603,0.010457,0.002549,0.006891,0.926139,0.017388,0.000080,0.003028,0.000650,0.001263,0.009573,0.003880,0.008724,0.004645,0.001525
236,0.005603,0.010457,0.002549,0.006891,0.926139,0.017388,0.000080,0.003028,0.000650,0.001263,0.009573,0.003880,0.008724,0.004645,0.001525
237,0.005603,0.010457,0.002549,0.006891,0.926139,0.017388,0.000080,0.003028,0.000650,0.001263,0.009573,0.003880,0.008724,0.004645,0.001525
238,0.005603,0.010457,0.002549,0.006891,0.926139,0.017388,0.000080,0.003028,0.000650,0.001263,0.009573,0.003880,0.008724,0.004645,0.001525
239,0.005603,0.010457,0.002549,0.006891,0.926139,0.017388,0.000080,0.003028,0.000650,0.001263,0.009573,0.003880,0.008724,0.004645,0.001525
240,0.005603,0.010457,0.002549,0.006891,0.926139,0.017388,0.000080,0.003028,0.000650,0.001263,0.009573,0.003880,0.008724,0.004645,0.001525
241,0.005603,0.010457,0.002549,0.006891,0.926139,0.017388,0.000080,0.003028,0.000650,0.001263,0.009573,0.003880,0.008724,0.004645,0.001525
242,0.005603,0.010457,0.002549,0.006891,0.926139,0.017388,0.000080,0.003028,0.000650,0.001263,0.009573,0.003880,0.008724,0.004645,0.001525
243,0.005603,0.010457,0.002549,0.006891,0.926139,0.017388,0.000080,0.003028,0.000650,0.001263,0.009573,0.003880,0.008724,0.004645,0.001525
244,0.005603,0.010457,0.002549,0.006891,0.926139,0.017388,0.000080,0.003028,0.000650,0.001263,0.009573,0.003880,0.008724,0.004645,0.001525
245,0.005603,0.010457,0.002549,0.006891,0.926139,0.017388,0.000080,0.003028,0.000650,0.001263,0.009573,0.003880,0.008724,0.004645,0.001525
246,0.005603,0.010457,0.002549,0.006891,0.926139,0.017388,0.000080,0.003028,0.000650,0.001263,0.009573,0.003880,0.008724,0.004645,0.001525
247,0.005603,0.010457,0.002549,0.006891,0.926139,0.017388,0.000080,0.003028,0.000650,0.001263,0.009573,0.003880,0.008724,0.004645,0.001525
248,0.005603,0.010457,0.002549,0.006891,0.926139,0.017388,0.000080,0.003028,0.000650,0.001263,0.009573,0.003880,0.008724,0.004645,0.001525
249,0.005603,0.010457,0.002549,0.006891,0.926139,0.017388,0.000080,0.003028,0.000650,0.001263,0.009573,0.003880,0.008724,0.004645,0.001525
250,0.005603,0.010457,0.002549,0.006891,0.926139,0.017388,0.000080,0.003028,0.000650,0.001263,0.009573,0.003880,0.008724,0.004645,0.001525
251,0.005603,0.010457,0.002549,0.006891,0.926139,0.017388,0.000080,0.003028,0.000650,0.001263,0.009573,0.003880,0.008724,0.004645,0.001525
252,0.005603,0.010457,0.002549,0.006891,0.926139,0.017388,0.000080,0.003028,0.000650,0.001263,0.009573,0.003880,0.008724,0.004645,0.001525
253,0.005603,0.010457,0.002549,0.006891,0.926139,0.017388,0.000080,0.003028,0.000650,0.001263,0.009573,0.003880,0.008724,0.004645,0.001525
254,0.005603,0.010457,0.002549,0.006891,0.926139,0.017388,0.000080,0.003028,0.000650,0.001263,0.009573,0.003880,0.008724,0.004645,0.001525
255,0.005603,0.010457,0.002549,0.006891,0.926139,0.017388,0.000080,0.003028,0.000650,0.001263,0.009573,0.003880,0.008724,0.004645,0.001525
256,0.005603,0.010457,0.002549,0.006891,0.926139,0.017388,0.000080,0.003028,0.000650,0.001263,0.009573,0.003880,0.008724,0.004645,0.001525
257,0.005603,0.010457,0.002549,0.006891,0.926139,0.017388,0.000080,0.003028,0.000650,0.001263,0.009573,0.003880,0.008724,0.004645,0.001525
258,0.005603,0.010457,0.002549,0.006891,0.926139,0.017388,0.000080,0.003028,0.000650,0.001263,0.009573,0.003880,0.008724,0.004645,0.001525
259,0.005603,0.010457,0.002549,0.006891,0.926139,0.017388,0.000080,0.003028,0.000650,0.001263,0.009573,0.003880,0.008724,0.004645,0.001525
260,0.005603,0.010457,0.002549,0.006891,0.926139,0.017388,0.000080,0.003028,0.000650,0.001263,0.009573,0.003880,0.008724,0.004645,0.001525
261,0.005603,0.010457,0.002549,0.006891,0.926139,0.017388,0.000080,0.003028,0.000650,0.001263,0.009573,0.003880,0.008724,0.004645,0.001525
262,0.005603,0.010457,0.002549,0.006891,0.926139,0.017388,0.000080,0.003028,0.000650,0.001263,0.009573,0.003880,0.008724,0.004645,0.001525
263,0.005603,0.010457,0.002549,0.006891,0.926139,0.017388,0.000080,0.003028,0.000650,0.001263,0.009573,0.003880,0.008724,0.004645,0.001525
264,0.005603,0.010457,0.002549,0.006891,0.926139,0.017388,0.000080,0.003028,0.000650,0.001263,0.009573,0.003880,0.008724,0.004645,0.001525
265,0.005603,0.010457,0.002549,0.006891,0.926139,0.017388,0.000080,0.003028,0.000650,0.001263,0.009573,0.003880,0.008724,0.004645,0.001525
266,0.005603,0.010457,0.002549,0.006891,0.926139,0.017388,0.000080,0.003028,0.000650,0.001263,0.009573,0.003880,0.008724,0.004645,0.001525
267,0.005603,0.010457,0.002549,0.006891,0.926139,0.017388,0.000080,0.003028,0.000650,0.001263,0.009573,0.003880,0.008724,0.004645,0.001525
268,0.005603,0.010457,0.002549,0.006891,0.926139,0.017388,0.000080,0.003028,0.000650,0.001263,0.009573,0.003880,0.008724,0.004645,0.001525
269,0.005603,0.010457,0.002549,0.006891,0.926139,0.017388,0.000080,0.003028,0.000650,0.001263,0.009573,0.003880,0.008724,0.004645,0.001525
270,0.005603,0.010457,0.002549,0.006891,0.926139,0.017388,0.000080,0.003028,0.000650,0.001263,0.009573,0.003880,0.008724,0.004645,0.001525
271,0.005603,0.010457,0.002549,0.006891,0.926139,0.017388,0.000080,0.003028,0.000650,0.001263,0.009573,0.003880,0.008724,0.004645,0.001525
272,0.005603,0.010457,0.002549,0.006891,0.926139,0.017388,0.000080,0.003028,0.000650,0.001263,0.009573,0.003880,0.008724,0.004645,0.001525
273,0.005603,0.010457,0.002549,0.006891,0.926139,0.017388,0.000080,0.003028,0.000650,0.001263,0.009573,0.003880,0.008724,0.004645,0.001525
274,0.005603,0.010457,0.002549,0.006891,0.926139,0.017388,0.000080,0.003028,0.000650,0.001263,0.009573,0.003880,0.008724,0.004645,0.001525
275,0.005603,0.010457,0.002549,0.006891,0.926139,0.017388,0.000080,0.003028,0.000650,0.001263,0.009573,0.003880,0.008724,0.004645,0.001525
276,0.005603,0.010457,0.002549,0.006891,0.926139,0.017388,0.000080,0.003028,0.000650,0.001263,0.009573,0.003880,0.008724,0.004645,0.001525
277,0.005603,0.010457,0.002549,0.006891,0.926139,0.017388,0.000080,0.003028,0.000650,0.001263,0.009573,0.003880,0.008724,0.004645,0.001525
278,0.005603,0.010457,0.002549,0.006891,0.926139,0.017388,0.000080,0.003028,0.000650,0.001263,0.009573,0.003880,0.008724,0.004645,0.001525
279,0.005603,0.010457,0.002549,0.006891,0.926139,0.017388,0.000080,0.003028,0.000650,0.001263,0.009573,0.003880,0.008724,0.004645,0.001525
280,0.005603,0.010457,0.002549,0.006891,0.926139,0.017388,0.000080,0.003028,0.000650,0.001263,0.009573,0.003880,0.008724,0.004645,0.001525
281,0.005603,0.010457,0.002549,0.006891,0.926139,0.017388,0.000080,0.003028,0.000650,0.001263,0.009573,0.003880,0.008724,0.004645,0.001525
282,0.005603,0.010457,0.002549,0.006891,0.926139,0.017388,0.000080,0.003028,0.000650,0.001263,0.009573,0.003880,0.008724,0.004645,0.001525
283,0.005603,0.010457,0.002549,0.006891,0.926139,0.017388,0.000080,0.003028,0.000650,0.001263,0.009573,0.003880,0.008724,0.004645,0.001525
284,0.005603,0.010457,0.002549,0.006891,0.926139,0.017388,0.000080,0.003028,0.000650,0.001263,0.009573,0.003880,0.008724,0.004645,0.001525
285,0.005603,0.010457,0.002549,0.006891,0.926139,0.017388,0.000080,0.003028,0.000650,0.001263,0.009573,0.003880,0.008724,0.004645,0.001525
286,0.005603,0.010457,0.002549,0.006891,0.926139,0.017388,0.000080,0.003028,0.000650,0.001263,0.009573,0.003880,0.008724,0.004645,0.001525
287,0.005603,0.010457,0.002549,0.006891,0.926139,0.017388,0.000080,0.003028,0.000650,0.001263,0.009573,0.003880,0.008724,0.004645,0.001525
288,0.005603,0.010457,0.002549,0.006891,0.926139,0.017388,0.000080,0.003028,0.000650,0.001263,0.009573,0.003880,0.008724,0.004645,0.001525
289,0.005603,0.010457,0.002549,0.006891,0.926139,0.017388,0.000080,0.003028,0.000650,0.001263,0.009573,0.003880,0.008724,0.004645,0.001525
290,0.005603,0.010457,0.002549,0.006891,0.926139,0.017388,0.000080,0.003028,0.000650,0.001263,0.009573,0.003880,0.008724,0.004645,0.001525
291,0.005603,0.010457,0.002549,0.006891,0.926139,0.017388,0.000080,0.003028,0.000650,0.001263,0.009573,0.003880,0.008724,0.004645,0.001525
292,0.005603,0.010457,0.002549,0.006891,0.926139,0.017388,0.000080,0.003028,0.000650,0.001263,0.009573,0.003880,0.008724,0.004645,0.001525
293,0.005603,0.010457,0.002549,0.006891,0.926139,0.017388,0.000080,0.003028,0.000650,0.001263,0.009573,0.003880,0.008724,0.004645,0.001525
294,0.005603,0.010457,0.002549,0.006891,0.926139,0.017388,0.000080,0.003028,0.000650,0.001263,0.009573,0.003880,0.008724,0.004645,0.001525
295,0.005603,0.010457,0.002549,0.006891,0.926139,0.017388,0.000080,0.003028,0.000650,0.001263,0.009573,0.003880,0.008724,0.004645,0.001525
296,0.005603,0.010457,0.002549,0.006891,0.926139,0.017388,0.000080,0.003028,0.000650,0.001263,0.009573,0.003880,0.008724,0.004645,0.001525
297,0.005603,0.010457,0.002549,0.006891,0.926139,0.017388,0.000080,0.003028,0.000650,0.001263,0.009573,0.003880,0.008724,0.004645,0.001525
298,0.005603,0.010457,0.002549,0.006891,0.926139,0.017388,0.000080,0.003028,0.000650,0.001263,0.009573,0.003880,0.008724,0.004645,0.001525
299,0.005603,0.010457,0.002549,0.006891,0.926139,0.017388,0.000080,0.003028,0.000650,0.001263,0.009573,0.003880,0.008724,0.004645,0.001525
300,0.005603,0.010457,0.002549,0.006891,0.926139,0.017388,0.000080,0.003028,0.000650,0.001263,0.009573,0.003880,0.008724,0.004645,0.001525
301,0.005603,0.010457,0.002549,0.006891,0.926139,0.017388,0.000080,0.003028,0.000650,0.001263,0.009573,0.003880,0.008724,0.004645,0.001525
302,0.005603,0.010457,0.002549,0.006891,0.926139,0.017388,0.000080,0.003028,0.000650,0.001263,0.009573,0.003880,0.008724,0.004645,0.001525
303,0.005603,0.010457,0.002549,0.006891,0.926139,0.017388,0.000080,0.003028,0.000650,0.001263,0.009573,0.003880,0.008724,0.004645,0.001525
304,0.005603,0.010457,0.002549,0.006891,0.926139,0.017388,0.000080,0.003028,0.000650,0.001263,0.009573,0.003880,0.008724,0.004645,0.001525
305,0.005603,0.010457,0.002549,0.006891,0.926139,0.017388,0.000080,0.003028,0.000650,0.001263,0.009573,0.003880,0.008724,0.004645,0.001525
306,0.005603,0.010457,0.002549,0.006891,0.926139,0.017388,0.000080,0.003028,0.000650,0.001263,0.009573,0.003880,0.008724,0.004645,0.001525
307,0.005603,0.010457,0.002549,0.006891,0.926139,0.017388,0.000080,0.003028,0.000650,0.001263,0.009573,0.003880,0.008724,0.004645,0.001525
308,0.005603,0.010457,0.002549,0.006891,0.926139,0.017388,0.000080,0.003028,0.000650,0.001263,0.009573,0.003880,0.008724,0.004645,0.001525
309,0.005603,0.010457,0.002549,0.006891,0.926139,0.017388,0.000080,0.003028,0.000650,0.001263,0.009573,0.003880,0.008724,0.004645,0.001525
310,0.005603,0.010457,0.002549,0.006891,0.926139,0.017388,0.000080,0.003028,0.000650,0.001263,0.009573,0.003880,0.008724,0.004645,0.001525
311,0.005603,0.010457,0.002549,0.006891,0.926139,0.017388,0.000080,0.003028,0.000650,0.001263,0.009573,0.003880,0.008724,0.004645,0.001525
312,0.005603,0.010457,0.002549,0.006891,0.926139,0.017388,0.000080,0.003028,0.000650,0.001263,0.009573,0.003880,0.008724,0.004645,0.001525
313,0.005603,0.010457,0.002549,0.006891,0.926139,0.017388,0.000080,0.003028,0.000650,0.001263,0.009573,0.003880,0.008724,0.004645,0.001525
314,0.005603,0.010457,0.002549,0.006891,0.926139,0.017388,0.000080,0.003028,0.000650,0.001263,0.009573,0.003880,0.008724,0.004645,0.001525
315,0.005603,0.010457,0.002549,0.006891,0.926139,0.017388,0.000080,0.003028,0.000650,0.001263,0.009573,0.003880,0.008724,0.004645,0.001525
316,0.005603,0.010457,0.002549,0.006891,0.926139,0.017388,0.000080,0.003028,0.000650,0.001263,0.009573,0.003880,0.008724,0.004645,0.001525
317,0.005603,0.010457,0.002549,0.006891,0.926139,0.017388,0.000080,0.003028,0.000650,0.001263,0.009573,0.003880,0.008724,0.004645,0.001525
318,0.005603,0.010457,0.002549,0.006891,0.926139,0.017388,0.000080,0.003028,0.000650,0.001263,0.009573,0.003880,0.008724,0.004645,0.001525
319,0.005603,0.010457,0.002549,0.006891,0.926139,0.017388,0.000080,0.003028,0.000650,0.001263,0.009573,0.003880,0.008724,0.004645,0.001525
320,0.005603,0.010457,0.002549,0.006891,0.926139,0.017388,0.000080,0.003028,0.000650,0.001263,0.009573,0.003880,0.008724,0.004645,0.001525
321,0.005603,0.010457,0.002549,0.006891,0.926139,0.017388,0.000080,0.003028,0.000650,0.001263,0.009573,0.003880,0.008724,0.004645,0.001525
322,0.005603,0.010457,0.002549,0.006891,0.926139,0.017388,0.000080,0.003028,0.000650,0.001263,0.009573,0.003880,0.008724,0.004645,0.001525
323,0.005603,0.010457,0.002549,0.006891,0.926139,0.017388,0.000080,0.003028,0.000650,0.001263,0.009573,0.003880,0.008724,0.004645,0.001525
324,0.005603,0.010457,0.002549,0.006891,0.926139,0.017388,0.000080,0.003028,0.000650,0.001263,0.009573,0.003880,0.008724,0.004645,0.001525
325,0.005603,0.010457,0.002549,0.006891,0.926139,0.017388,0.000080,0.003028,0.000650,0.001263,0.009573,0.003880,0.008724,0.004645,0.001525
326,0.005603,0.010457,0.002549,0.006891,0.926139,0.017388,0.000080,0.003028,0.000650,0.001263,0.009573,0.003880,0.008724,0.004645,0.001525
327,0.005603,0.010457,0.002549,0.006891,0.926139,0.017388,0.000080,0.003028,0.000650,0.001263,0.009573,0.003880,0.008724,0.004645,0.001525
328,0.005603,0.010457,0.002549,0.006891,0.926139,0.017388,0.000080,0.003028,0.000650,0.001263,0.009573,0.003880,0.008724,0.004645,0.001525
329,0.005603,0.010457,0.002549,0.006891,0.926139,0.017388,0.000080,0.003028,0.000650,0.001263,0.009573,0.003880,0.008724,0.004645,0.001525
330,0.005603,0.010457,0.002549,0.006891,0.926139,0.017388,0.000080,0.003028,0.000650,0.001263,0.009573,0.003880,0.008724,0.004645,0.001525
331,0.005603,0.010457,0.002549,0.006891,0.926139,0.017388,0.000080,0.003028,0.000650,0.001263,0.009573,0.003880,0.008724,0.004645,0.001525
332,0.005603,0.010457,0.002549,0.006891,0.926139,0.017388,0.000080,0.003028,0.000650,0.001263,0.009573,0.003880,0.008724,0.004645,0.001525
333,0.005603,0.010457,0.002549,0.006891,0.926139,0.017388,0.000080,0.003028,0.000650,0.001263,0.009573,0.003880,0.008724,0.004645,0.001525
334,0.005603,0.010457,0.002549,0.006891,0.926139,0.017388,0.000080,0.003028,0.000650,0.001263,0.009573,0.003880,0.008724,0.004645,0.001525
335,0.005603,0.010457,0.002549,0.006891,0.926139,0.017388,0.000080,0.003028,0.000650,0.001263,0.009573,0.003880,0.008724,0.004645,0.001525
336,0.005603,0.010457,0.002549,0.006891,0.926139,0.017388,0.000080,0.003028,0.000650,0.001263,0.009573,0.003880,0.008724,0.004645,0.001525
337,0.005603,0.010457,0.002549,0.006891,0.926139,0.017388,0.000080,0.003028,0.000650,0.001263,0.009573,0.003880,0.008724,0.004645,0.001525
338,0.005603,0.010457,0.002549,0.006891,0.926139,0.017388,0.000080,0.003028,0.000650,0.001263,0.009573,0.003880,0.008724,0.004645,0.001525
339,0.005603,0.010457,0.002549,0.006891,0.926139,0.017388,0.000080,0.003028,0.000650,0.001263,0.009573,0.003880,0.008724,0.004645,0.001525
340,0.005603,0.010457,0.002549,0.006891,0.926139,0.017388,0.000080,0.003028,0.000650,0.001263,0.009573,0.003880,0.008724,0.004645,0.001525
341,0.005603,0.010457,0.002549,0.006891,0.926139,0.017388,0.000080,0.003028,0.000650,0.001263,0.009573,0.003880,0.008724,0.004645,0.001525
342,0.005603,0.010457,0.002549,0.006891,0.926139,0.017388,0.000080,0.003028,0.000650,0.001263,0.009573,0.003880,0.008724,0.004645,0.001525
343,0.005603,0.010457,0.002549,0.006891,0.926139,0.017388,0.000080,0.003028,0.000650,0.001263,0.009573,0.003880,0.008724,0.004645,0.001525
344,0.005603,0.010457,0.002549,0.006891,0.926139,0.017388,0.000080,0.003028,0.000650,0.001263,0.009573,0.003880,0.008724,0.004645,0.001525
345,0.005603,0.010457,0.002549,0.006891,0.926139,0.017388,0.000080,0.003028,0.000650,0.001263,0.009573,0.003880,0.008724,0.004645,0.001525
346,0.005603,0.010457,0.002549,0.006891,0.926139,0.017388,0.000080,0.003028,0.000650,0.001263,0.009573,0.003880,0.008724,0.004645,0.001525
347,0.005603,0.010457,0.002549,0.006891,0.926139,0.017388,0.000080,0.003028,0.000650,0.001263,0.009573,0.003880,0.008724,0.004645,0.001525
348,0.005603,0.010457,0.002549,0.006891,0.926139,0.017388,0.000080,0.003028,0.000650,0.001263,0.009573,0.003880,0.008724,0.004645,0.001525
349,0.005603,0.010457,0.002549,0.006891,0.926139,0.017388,0.000080,0.003028,0.000650,0.001263,0.009573,0.003880,0.008724,0.004645,0.001525
350,0.005603,0.010457,0.002549,0.006891,0.926139,0.017388,0.000080,0.003028,0.000650,0.001263,0.009573,0.003880,0.008724,0.004645,0.001525
351,0.005603,0.010457,0.002549,0.006891,0.926139,0.017388,0.000080,0.003028,0.000650,0.001263,0.009573,0.003880,0.008724,0.004645,0.001525
352,0.005603,0.010457,0.002549,0.006891,0.926139,0.017388,0.000080,0.003028,0.000650,0.001263,0.009573,0.003880,0.008724,0.004645,0.001525
353,0.005603,0.010457,0.002549,0.006891,0.926139,0.017388,0.000080,0.003028,0.000650,0.001263,0.009573,0.003880,0.008724,0.004645,0.001525
354,0.005603,0.010457,0.002549,0.006891,0.926139,0.017388,0.000080,0.003028,0.000650,0.001263,0.009573,0.003880,0.008724,0.004645,0.001525
355,0.005603,0.010457,0.002549,0.006891,0.926139,0.017388,0.000080,0.003028,0.000650,0.001263,0.009573,0.003880,0.008724,0.004645,0.001525
356,0.005603,0.010457,0.002549,0.006891,0.926139,0.017388,0.000080,0.003028,0.000650,0.001263,0.009573,0.003880,0.008724,0.004645,0.001525
357,0.005603,0.010457,0.002549,0.006891,0.926139,0.017388,0.000080,0.003028,0.000650,0.001263,0.009573,0.003880,0.008724,0.004645,0.001525
358,0.005603,0.010457,0.002549,0.006891,0.926139,0.017388,0.000080,0.003028,0.000650,0.001263,0.009573,0.003880,0.008724,0.004645,0.001525
359,0.005603,0.010457,0.002549,0.006891,0.926139,0.017388,0.000080,0.003028,0.000650,0.001263,0.009573,0.003880,0.008724,0.004645,0.001525
360,0.005603,0.010457,0.002549,0.006891,0.926139,0.017388,0.000080,0.003028,0.000650,0.001263,0.009573,0.003880,0.008724,0.004645,0.001525
361,0.005603,0.010457,0.002549,0.006891,0.926139,0.017388,0.000080,0.003028,0.000650,0.001263,0.009573,0.003880,0.008724,0.004645,0.001525
362,0.005603,0.010457,0.002549,0.006891,0.926139,0.017388,0.000080,0.003028,0.000650,0.001263,0.009573,0.003880,0.008724,0.004645,0.001525
363,0.005603,0.010457,0.002549,0.006891,0.926139,0.017388,0.000080,0.003028,0.000650,0.001263,0.009573,0.003880,0.008724,0.004645,0.001525
364,0.005603,0.010457,0.002549,0.006891,0.926139,0.017388,0.000080,0.003028,0.000650,0.001263,0.009573,0.003880,0.008724,0.004645,0.001525
365,0.005603,0.010457,0.002549,0.006891,0.926139,0.017388,0.000080,0.003028,0.000650,0.001263,0.009573,0.003880,0.008724,0.004645,0.001525
366,0.005603,0.010457,0.002549,0.006891,0.926139,0.017388,0.000080,0.003028,0.000650,0.001263,0.009573,0.003880,0.008724,0.004645,0.001525
367,0.005603,0.010457,0.002549,0.006891,0.926139,0.017388,0.000080,0.003028,0.000650,0.001263,0.009573,0.003880,0.008724,0.004645,0.001525
368,0.005603,0.010457,0.002549,0.006891,0.926139,0.017388,0.000080,0.003028,0.000650,0.001263,0.009573,0.003880,0.008724,0.004645,0.001525
369,0.005603,0.010457,0.002549,0.006891,0.926139,0.017388,0.000080,0.003028,0.000650,0.001263,0.009573,0.003880,0.008724,0.004645,0.001525
370,0.005603,0.010457,0.002549,0.006891,0.926139,0.017388,0.000080,0.003028,0.000650,0.001263,0.009573,0.003880,0.008724,0.004645,0.001525
371,0.005603,0.010457,0.002549,0.006891,0.926139,0.017388,0.000080,0.003028,0.000650,0.001263,0.009573,0.003880,0.008724,0.004645,0.001525
372,0.005603,0.010457,0.002549,0.006891,0.926139,0.017388,0.000080,0.003028,0.000650,0.001263,0.009573,0.003880,0.008724,0.004645,0.001525
373,0.005603,0.010457,0.002549,0.006891,0.926139,0.017388,0.000080,0.003028,0.000650,0.001263,0.009573,0.003880,0.008724,0.004645,0.001525
374,0.005603,0.010457,0.002549,0.006891,0.926139,0.017388,0.000080,0.003028,0.000650,0.001263,0.009573,0.003880,0.008724,0.004645,0.001525
375,0.005603,0.010457,0.002549,0.006891,0.926139,0.017388,0.000080,0.003028,0.000650,0.001263,0.009573,0.003880,0.008724,0.004645,0.001525
376,0.005603,0.010457,0.002549,0.006891,0.926139,0.017388,0.000080,0.003028,0.000650,0.001263,0.009573,0.003880,0.008724,0.004645,0.001525
377,0.005603,0.010457,0.002549,0.006891,0.926139,0.017388,0.000080,0.003028,0.000650,0.001263,0.009573,0.003880,0.008724,0.004645,0.001525
378,0.005603,0.010457,0.002549,0.006891,0.926139,0.017388,0.000080,0.003028,0.000650,0.001263,0.009573,0.003880,0.008724,0.004645,0.001525
379,0.005603,0.010457,0.002549,0.006891,0.926139,0.017388,0.000080,0.003028,0.000650,0.001263,0.009573,0.003880,0.008724,0.004645,0.001525
380,0.005603,0.010457,0.002549,0.006891,0.926139,0.017388,0.000080,0.003028,0.000650,0.001263,0.009573,0.003880,0.008724,0.004645,0.001525
381,0.005603,0.010457,0.002549,0.006891,0.926139,0.017388,0.000080,0.003028,0.000650,0.001263,0.009573,0.003880,0.008724,0.004645,0.001525
382,0.005603,0.010457,0.002549,0.006891,0.926139,0.017388,0.000080,0.003028,0.000650,0.001263,0.009573,0.003880,0.008724,0.004645,0.001525
383,0.005603,0.010457,0.002549,0.006891,0.926139,0.017388,0.000080,0.003028,0.000650,0.001263,0.009573,0.003880,0.008724,0.004645,0.001525
384,0.005603,0.010457,0.002549,0.006891,0.926139,0.017388,0.000080,0.003028,0.000650,0.001263,0.009573,0.003880,0.008724,0.004645,0.001525
385,0.005603,0.010457,0.002549,0.006891,0.926139,0.017388,0.000080,0.003028,0.000650,0.001263,0.009573,0.003880,0.008724,0.004645,0.001525
386,0.005603,0.010457,0.002549,0.006891,0.926139,0.017388,0.000080,0.003028,0.000650,0.001263,0.009573,0.003880,0.008724,0.004645,0.001525
387,0.005603,0.010457,0.002549,0.006891,0.926139,0.017388,0.000080,0.003028,0.000650,0.001263,0.009573,0.003880,0.008724,0.004645,0.001525
388,0.005603,0.010457,0.002549,0.006891,0.926139,0.017388,0.000080,0.003028,0.000650,0.001263,0.009573,0.003880,0.008724,0.004645,0.001525
389,0.005603,0.010457,0.002549,0.006891,0.926139,0.017388,0.000080,0.003028,0.000650,0.001263,0.009573,0.003880,0.008724,0.004645,0.001525
390,0.005603,0.010457,0.002549,0.006891,0.926139,0.017388,0.000080,0.003028,0.000650,0.001263,0.009573,0.003880,0.008724,0.004645,0.001525
391,0.005603,0.010457,0.002549,0.006891,0.926139,0.017388,0.000080,0.003028,0.000650,0.001263,0.009573,0.003880,0.008724,0.004645,0.001525
392,0.005603,0.010457,0.002549,0.006891,0.926139,0.017388,0.000080,0.003028,0.000650,0.001263,0.009573,0.003880,0.008724,0.004645,0.001525
393,0.005603,0.010457,0.002549,0.006891,0.926139,0.017388,0.000080,0.003028,0.000650,0.001263,0.009573,0.003880,0.008724,0.004645,0.001525
394,0.005603,0.010457,0.002549,0.006891,0.926139,0.017388,0.000080,0.003028,0.000650,0.001263,0.009573,0.003880,0.008724,0.004645,0.001525
395,0.005603,0.010457,0.002549,0.006891,0.926139,0.017388,0.000080,0.003028,0.000650,0.001263,0.009573,0.003880,0.008724,0.004645,0.001525
396,0.005603,0.010457,0.002549,0.006891,0.926139,0.017388,0.000080,0.003028,0.000650,0.001263,0.009573,0.003880,0.008724,0.004645,0.001525
